{"stats":{"minecraft:custom":{"minecraft:time_since_rest":20616,"minecraft:play_one_minute":417934,"minecraft:sprint_one_cm":29255,"minecraft:deaths":54,"minecraft:damage_taken":14304,"minecraft:walk_one_cm":32200,"minecraft:mob_kills":137,"minecraft:jump":230,"minecraft:damage_dealt":27960,"minecraft:leave_game":5,"minecraft:walk_on_water_one_cm":1174,"minecraft:time_since_death":20605,"minecraft:fall_one_cm":1079,"minecraft:fly_one_cm":21329},"minecraft:killed_by":{"minecraft:skeleton":19,"minecraft:creeper":1,"minecraft:phantom":1,"minecraft:zombie":26,"minecraft:pillager":7},"minecraft:mined":{"minecraft:grass_block":5,"minecraft:dirt":7},"minecraft:picked_up":{"minecraft:arrow":2,"minecraft:bone":1,"minecraft:rotten_flesh":30,"minecraft:gunpowder":3,"minecraft:phantom_membrane":1,"minecraft:dirt":12},"minecraft:killed":{"minecraft:spider":1,"minecraft:skeleton":2,"minecraft:pillager":1,"minecraft:zombie":110,"minecraft:zombie_villager":2,"minecraft:creeper":8,"minecraft:phantom":4},"minecraft:used":{"minecraft:rotten_flesh":5}},"DataVersion":2586}